-- phpMyAdmin SQL Dump
-- version 5.2.3
-- https://www.phpmyadmin.net/
--
-- Host: 127.0.0.1:3306
-- Generation Time: Jan 09, 2026 at 06:37 AM
-- Server version: 8.4.7
-- PHP Version: 8.3.28

SET SQL_MODE = "NO_AUTO_VALUE_ON_ZERO";
START TRANSACTION;
SET time_zone = "+00:00";


/*!40101 SET @OLD_CHARACTER_SET_CLIENT=@@CHARACTER_SET_CLIENT */;
/*!40101 SET @OLD_CHARACTER_SET_RESULTS=@@CHARACTER_SET_RESULTS */;
/*!40101 SET @OLD_COLLATION_CONNECTION=@@COLLATION_CONNECTION */;
/*!40101 SET NAMES utf8mb4 */;

--
-- Database: `mydb`
--

-- --------------------------------------------------------

--
-- Table structure for table `city`
--

DROP TABLE IF EXISTS `city`;
CREATE TABLE IF NOT EXISTS `city` (
  `id` int NOT NULL AUTO_INCREMENT,
  `city_name` varchar(30) COLLATE utf8mb4_unicode_ci NOT NULL,
  `state_id` varchar(30) CHARACTER SET utf8mb4 COLLATE utf8mb4_unicode_ci NOT NULL,
  PRIMARY KEY (`id`),
  KEY `fk_states` (`state_id`)
) ENGINE=MyISAM AUTO_INCREMENT=453 DEFAULT CHARSET=utf8mb4 COLLATE=utf8mb4_unicode_ci;

--
-- Dumping data for table `city`
--

INSERT INTO `city` (`id`, `city_name`, `state_id`) VALUES
(1, 'Amaravati', '1'),
(2, 'Guntur', '1'),
(3, 'Kurnool', '1'),
(4, 'Nellore', '1'),
(5, 'Rajahmundry', '1'),
(6, 'Tirupati', '1'),
(7, 'Vijayawada', '1'),
(8, 'Visakhapatnam', '1'),
(9, 'Bomdila', '2'),
(10, 'Itanagar', '2'),
(11, 'Pasighat', '2'),
(12, 'Tawang', '2'),
(13, 'Ziro', '2'),
(14, 'Dibrugarh', '3'),
(15, 'Guwahati', '3'),
(16, 'Jorhat', '3'),
(17, 'Nagaon', '3'),
(18, 'Silchar', '3'),
(19, 'Sivasagar', '3'),
(20, 'Tezpur', '3'),
(21, 'Patna', '4'),
(22, 'Purnia', '4'),
(23, 'Pusa', '4'),
(24, 'Saharsa', '4'),
(25, 'Samastipur', '4'),
(26, 'Sasaram', '4'),
(27, 'Sitamarhi', '4'),
(28, 'Siwan', '4'),
(29, 'Ambikapur', '5'),
(30, 'Bhilai', '5'),
(31, 'Bilaspur', '5'),
(32, 'Dhamtari', '5'),
(33, 'Durg', '5'),
(34, 'Jagdalpur', '5'),
(35, 'Raipur', '5'),
(36, 'Rajnandgaon', '5'),
(37, 'Madgaon', '6'),
(38, 'Panaji', '6'),
(39, 'Ahmadabad', '7'),
(40, 'Amreli', '7'),
(41, 'Bharuch', '7'),
(42, 'Bhavnagar', '7'),
(43, 'Bhuj', '7'),
(44, 'Dwarka', '7'),
(45, 'Gandhinagar', '7'),
(46, 'Godhra', '7'),
(47, 'Jamnagar', '7'),
(48, 'Junagadh', '7'),
(49, 'Kandla', '7'),
(50, 'Khambhat', '7'),
(51, 'Kheda', '7'),
(52, 'Mahesana', '7'),
(53, 'Morbi', '7'),
(54, 'Nadiad', '7'),
(55, 'Navsari', '7'),
(56, 'Okha', '7'),
(57, 'Palanpur', '7'),
(58, 'Patan', '7'),
(59, 'Porbandar', '7'),
(60, 'Rajkot', '7'),
(61, 'Surat', '7'),
(62, 'Surendranagar', '7'),
(63, 'Valsad', '7'),
(64, 'Veraval', '7'),
(65, 'Ambala', '8'),
(66, 'Bhiwani', '8'),
(67, 'Faridabad', '8'),
(68, 'Firozpur Jhirka', '8'),
(69, 'Gurugram', '8'),
(70, 'Hansi', '8'),
(71, 'Hisar', '8'),
(72, 'Jind', '8'),
(73, 'Kaithal', '8'),
(74, 'Karnal', '8'),
(75, 'Kurukshetra', '8'),
(76, 'Panipat', '8'),
(77, 'Pehowa', '8'),
(78, 'Rewari', '8'),
(79, 'Rohtak', '8'),
(80, 'Sirsa', '8'),
(81, 'Sonipat', '8'),
(82, 'Bilaspur', '9'),
(83, 'Chamba', '9'),
(84, 'Dalhousie', '9'),
(85, 'Dharmshala', '9'),
(86, 'Hamirpur', '9'),
(87, 'Kangra', '9'),
(88, 'Kullu', '9'),
(89, 'Mandi', '9'),
(90, 'Nahan', '9'),
(91, 'Shimla', '9'),
(92, 'Una', '9'),
(93, 'Bokaro', '10'),
(94, 'Chaibasa', '10'),
(95, 'Deoghar', '10'),
(96, 'Dhanbad', '10'),
(97, 'Dumka', '10'),
(98, 'Giridih', '10'),
(99, 'Hazaribag', '10'),
(100, 'Jamshedpur', '10'),
(101, 'Jharia', '10'),
(102, 'Rajmahal', '10'),
(103, 'Ranchi', '10'),
(104, 'Saraikela', '10'),
(105, 'Badami', '11'),
(106, 'Ballari', '11'),
(107, 'Bengaluru', '11'),
(108, 'Belagavi', '11'),
(109, 'Bhadravati', '11'),
(110, 'Bidar', '11'),
(111, 'Chikkamagaluru', '11'),
(112, 'Chitradurga', '11'),
(113, 'Davangere', '11'),
(114, 'Halebid', '11'),
(115, 'Hassan', '11'),
(116, 'Hubballi-Dharwad', '11'),
(117, 'Kalaburagi', '11'),
(118, 'Kolar', '11'),
(119, 'Madikeri', '11'),
(120, 'Mandya', '11'),
(121, 'Mangaluru', '11'),
(122, 'Mysuru', '11'),
(123, 'Raichur', '11'),
(124, 'Shivamogga', '11'),
(125, 'Shravanabelagola', '11'),
(126, 'Shrirangapattana', '11'),
(127, 'Tumakuru', '11'),
(128, 'Vijayapura', '11'),
(129, 'Alappuzha', '12'),
(130, 'Idukki', '12'),
(131, 'Kannur', '12'),
(132, 'Kochi', '12'),
(133, 'Kollam', '12'),
(134, 'Kottayam', '12'),
(135, 'Kozhikode', '12'),
(136, 'Mattancheri', '12'),
(137, 'Palakkad', '12'),
(138, 'Thalassery', '12'),
(139, 'Thiruvananthapuram', '12'),
(140, 'Thrissur', '12'),
(141, 'Balaghat', '13'),
(142, 'Barwani', '13'),
(143, 'Betul', '13'),
(144, 'Bharhut', '13'),
(145, 'Bhind', '13'),
(146, 'Bhojpur', '13'),
(147, 'Bhopal', '13'),
(148, 'Burhanpur', '13'),
(149, 'Chhatarpur', '13'),
(150, 'Chhindwara', '13'),
(151, 'Damoh', '13'),
(152, 'Datia', '13'),
(153, 'Dewas', '13'),
(154, 'Dhar', '13'),
(155, 'Dr. Ambedkar Nagar (Mhow)', '13'),
(156, 'Guna', '13'),
(157, 'Gwalior', '13'),
(158, 'Hoshangabad', '13'),
(159, 'Indore', '13'),
(160, 'Itarsi', '13'),
(161, 'Jabalpur', '13'),
(162, 'Jhabua', '13'),
(163, 'Khajuraho', '13'),
(164, 'Khandwa', '13'),
(165, 'Khargone', '13'),
(166, 'Maheshwar', '13'),
(167, 'Mandla', '13'),
(168, 'Mandsaur', '13'),
(169, 'Morena', '13'),
(170, 'Murwara', '13'),
(171, 'Narsimhapur', '13'),
(172, 'Narsinghgarh', '13'),
(173, 'Narwar', '13'),
(174, 'Neemuch', '13'),
(175, 'Nowgong', '13'),
(176, 'Orchha', '13'),
(177, 'Panna', '13'),
(178, 'Raisen', '13'),
(179, 'Rajgarh', '13'),
(180, 'Ratlam', '13'),
(181, 'Rewa', '13'),
(182, 'Sagar', '13'),
(183, 'Sarangpur', '13'),
(184, 'Satna', '13'),
(185, 'Sehore', '13'),
(186, 'Seoni', '13'),
(187, 'Shahdol', '13'),
(188, 'Shajapur', '13'),
(189, 'Sheopur', '13'),
(190, 'Shivpuri', '13'),
(191, 'Ujjain', '13'),
(192, 'Vidisha', '13'),
(193, 'Ahmadnagar', '14'),
(194, 'Akola', '14'),
(195, 'Amravati', '14'),
(196, 'Aurangabad', '14'),
(197, 'Bhandara', '14'),
(198, 'Bhusawal', '14'),
(199, 'Bid', '14'),
(200, 'Buldhana', '14'),
(201, 'Chandrapur', '14'),
(202, 'Daulatabad', '14'),
(203, 'Dhule', '14'),
(204, 'Jalgaon', '14'),
(205, 'Kalyan', '14'),
(206, 'Karli', '14'),
(207, 'Kolhapur', '14'),
(208, 'Mahabaleshwar', '14'),
(209, 'Malegaon', '14'),
(210, 'Matheran', '14'),
(211, 'Mumbai', '14'),
(212, 'Nagpur', '14'),
(213, 'Nanded', '14'),
(214, 'Nashik', '14'),
(215, 'Osmanabad', '14'),
(216, 'Pandharpur', '14'),
(217, 'Parbhani', '14'),
(218, 'Pune', '14'),
(219, 'Ratnagiri', '14'),
(220, 'Sangli', '14'),
(221, 'Satara', '14'),
(222, 'Sevagram', '14'),
(223, 'Solapur', '14'),
(224, 'Thane', '14'),
(225, 'Ulhasnagar', '14'),
(226, 'Vasai-Virar', '14'),
(227, 'Wardha', '14'),
(228, 'Yavatmal', '14'),
(229, 'Imphal', '15'),
(230, 'Cherrapunji', '16'),
(231, 'Shillong', '16'),
(232, 'Aizawl', '17'),
(233, 'Lunglei', '17'),
(234, 'Kohima', '18'),
(235, 'Mon', '18'),
(236, 'Phek', '18'),
(237, 'Wokha', '18'),
(238, 'Zunheboto', '18'),
(239, 'Balangir', '19'),
(240, 'Baleshwar', '19'),
(241, 'Baripada', '19'),
(242, 'Bhubaneshwar', '19'),
(243, 'Brahmapur', '19'),
(244, 'Cuttack', '19'),
(245, 'Dhenkanal', '19'),
(246, 'Kendujhar', '19'),
(247, 'Konark', '19'),
(248, 'Koraput', '19'),
(249, 'Paradip', '19'),
(250, 'Phulabani', '19'),
(251, 'Puri', '19'),
(252, 'Sambalpur', '19'),
(253, 'Udayagiri', '19'),
(254, 'Amritsar', '20'),
(255, 'Batala', '20'),
(256, 'Chandigarh', '20'),
(257, 'Faridkot', '20'),
(258, 'Firozpur', '20'),
(259, 'Gurdaspur', '20'),
(260, 'Hoshiarpur', '20'),
(261, 'Jalandhar', '20'),
(262, 'Kapurthala', '20'),
(263, 'Ludhiana', '20'),
(264, 'Nabha', '20'),
(265, 'Patiala', '20'),
(266, 'Rupnagar', '20'),
(267, 'Sangrur', '20'),
(268, 'Abu', '21'),
(269, 'Ajmer', '21'),
(270, 'Alwar', '21'),
(271, 'Amer', '21'),
(272, 'Barmer', '21'),
(273, 'Beawar', '21'),
(274, 'Bharatpur', '21'),
(275, 'Bhilwara', '21'),
(276, 'Bikaner', '21'),
(277, 'Bundi', '21'),
(278, 'Chittaurgarh', '21'),
(279, 'Churu', '21'),
(280, 'Dhaulpur', '21'),
(281, 'Dungarpur', '21'),
(282, 'Ganganagar', '21'),
(283, 'Hanumangarh', '21'),
(284, 'Jaipur', '21'),
(285, 'Jaisalmer', '21'),
(286, 'Jalor', '21'),
(287, 'Jhalawar', '21'),
(288, 'Jhunjhunu', '21'),
(289, 'Jodhpur', '21'),
(290, 'Kishangarh', '21'),
(291, 'Kota', '21'),
(292, 'Merta', '21'),
(293, 'Nagaur', '21'),
(294, 'Nathdwara', '21'),
(295, 'Pali', '21'),
(296, 'Phalodi', '21'),
(297, 'Pushkar', '21'),
(298, 'Sawai Madhopur', '21'),
(299, 'Shahpura', '21'),
(300, 'Sikar', '21'),
(301, 'Sirohi', '21'),
(302, 'Tonk', '21'),
(303, 'Udaipur', '21'),
(304, 'Gangtok', '22'),
(305, 'Gyalshing', '22'),
(306, 'Lachung', '22'),
(307, 'Mangan', '22'),
(308, 'Arcot', '23'),
(309, 'Chengalpattu', '23'),
(310, 'Chennai', '23'),
(311, 'Chidambaram', '23'),
(312, 'Coimbatore', '23'),
(313, 'Cuddalore', '23'),
(314, 'Dharmapuri', '23'),
(315, 'Dindigul', '23'),
(316, 'Erode', '23'),
(317, 'Kanchipuram', '23'),
(318, 'Kanniyakumari', '23'),
(319, 'Kodaikanal', '23'),
(320, 'Kumbakonam', '23'),
(321, 'Madurai', '23'),
(322, 'Mamallapuram', '23'),
(323, 'Nagappattinam', '23'),
(324, 'Nagercoil', '23'),
(325, 'Palayamkottai', '23'),
(326, 'Pudukkottai', '23'),
(327, 'Rajapalayam', '23'),
(328, 'Ramanathapuram', '23'),
(329, 'Salem', '23'),
(330, 'Thanjavur', '23'),
(331, 'Tiruchchirappalli', '23'),
(332, 'Tirunelveli', '23'),
(333, 'Tiruppur', '23'),
(334, 'Thoothukudi', '23'),
(335, 'Udhagamandalam', '23'),
(336, 'Vellore', '23'),
(337, 'Hyderabad', '24'),
(338, 'Karimnagar', '24'),
(339, 'Khammam', '24'),
(340, 'Mahbubnagar', '24'),
(341, 'Nizamabad', '24'),
(342, 'Sangareddi', '24'),
(343, 'Warangal', '24'),
(344, 'Agartala', '25'),
(345, 'Agra', '26'),
(346, 'Aligarh', '26'),
(347, 'Amroha', '26'),
(348, 'Ayodhya', '26'),
(349, 'Azamgarh', '26'),
(350, 'Bahraich', '26'),
(351, 'Ballia', '26'),
(352, 'Banda', '26'),
(353, 'Bara Banki', '26'),
(354, 'Bareilly', '26'),
(355, 'Basti', '26'),
(356, 'Bijnor', '26'),
(357, 'Bithur', '26'),
(358, 'Budaun', '26'),
(359, 'Bulandshahr', '26'),
(360, 'Deoria', '26'),
(361, 'Etah', '26'),
(362, 'Etawah', '26'),
(363, 'Faizabad', '26'),
(364, 'Farrukhabad-cum-Fatehgarh', '26'),
(365, 'Fatehpur', '26'),
(366, 'Fatehpur Sikri', '26'),
(367, 'Ghaziabad', '26'),
(368, 'Ghazipur', '26'),
(369, 'Gonda', '26'),
(370, 'Gorakhpur', '26'),
(371, 'Hamirpur', '26'),
(372, 'Hardoi', '26'),
(373, 'Hathras', '26'),
(374, 'Jalaun', '26'),
(375, 'Jaunpur', '26'),
(376, 'Jhansi', '26'),
(377, 'Kannauj', '26'),
(378, 'Kanpur', '26'),
(379, 'Lakhimpur', '26'),
(380, 'Lalitpur', '26'),
(381, 'Lucknow', '26'),
(382, 'Mainpuri', '26'),
(383, 'Mathura', '26'),
(384, 'Meerut', '26'),
(385, 'Mirzapur-Vindhyachal', '26'),
(386, 'Moradabad', '26'),
(387, 'Muzaffarnagar', '26'),
(388, 'Partapgarh', '26'),
(389, 'Pilibhit', '26'),
(390, 'Prayagraj', '26'),
(391, 'Rae Bareli', '26'),
(392, 'Rampur', '26'),
(393, 'Saharanpur', '26'),
(394, 'Sambhal', '26'),
(395, 'Shahjahanpur', '26'),
(396, 'Sitapur', '26'),
(397, 'Sultanpur', '26'),
(398, 'Tehri', '26'),
(399, 'Varanasi', '26'),
(400, 'Almora', '27'),
(401, 'Dehra Dun', '27'),
(402, 'Haridwar', '27'),
(403, 'Mussoorie', '27'),
(404, 'Nainital', '27'),
(405, 'Pithoragarh', '27'),
(406, 'Alipore', '28'),
(407, 'Alipur Duar', '28'),
(408, 'Asansol', '28'),
(409, 'Baharampur', '28'),
(410, 'Bally', '28'),
(411, 'Balurghat', '28'),
(412, 'Bankura', '28'),
(413, 'Baranagar', '28'),
(414, 'Barasat', '28'),
(415, 'Barrackpore', '28'),
(416, 'Basirhat', '28'),
(417, 'Bhatpara', '28'),
(418, 'Bishnupur', '28'),
(419, 'Budge Budge', '28'),
(420, 'Burdwan', '28'),
(421, 'Chandernagore', '28'),
(422, 'Darjeeling', '28'),
(423, 'Diamond Harbour', '28'),
(424, 'Dum Dum', '28'),
(425, 'Durgapur', '28'),
(426, 'Halisahar', '28'),
(427, 'Haora', '28'),
(428, 'Hugli', '28'),
(429, 'Ingraj Bazar', '28'),
(430, 'Jalpaiguri', '28'),
(431, 'Kalimpong', '28'),
(432, 'Kamarhati', '28'),
(433, 'Kanchrapara', '28'),
(434, 'Kharagpur', '28'),
(435, 'Cooch Behar', '28'),
(436, 'Kolkata', '28'),
(437, 'Krishnanagar', '28'),
(438, 'Malda', '28'),
(439, 'Midnapore', '28'),
(440, 'Murshidabad', '28'),
(441, 'Nabadwip', '28'),
(442, 'Palashi', '28'),
(443, 'Panihati', '28'),
(444, 'Purulia', '28'),
(445, 'Raiganj', '28'),
(446, 'Santipur', '28'),
(447, 'Shantiniketan', '28'),
(448, 'Shrirampur', '28'),
(449, 'Siliguri', '28'),
(450, 'Siuri', '28'),
(451, 'Tamluk', '28'),
(452, 'Titagarh', '28');

-- --------------------------------------------------------

--
-- Table structure for table `country`
--

DROP TABLE IF EXISTS `country`;
CREATE TABLE IF NOT EXISTS `country` (
  `id` int NOT NULL AUTO_INCREMENT,
  `country_name` varchar(50) COLLATE utf8mb4_unicode_ci NOT NULL,
  PRIMARY KEY (`id`)
) ENGINE=MyISAM AUTO_INCREMENT=251 DEFAULT CHARSET=utf8mb4 COLLATE=utf8mb4_unicode_ci;

--
-- Dumping data for table `country`
--

INSERT INTO `country` (`id`, `country_name`) VALUES
(1, 'value'),
(2, 'Afghanistan'),
(3, 'Åland Islands'),
(4, 'Albania'),
(5, 'Algeria'),
(6, 'American Samoa'),
(7, 'Andorra'),
(8, 'Angola'),
(9, 'Anguilla'),
(10, 'Antarctica'),
(11, 'Antigua & Barbuda'),
(12, 'Argentina'),
(13, 'Armenia'),
(14, 'Aruba'),
(15, 'Australia'),
(16, 'Austria'),
(17, 'Azerbaijan'),
(18, 'Bahamas'),
(19, 'Bahrain'),
(20, 'Bangladesh'),
(21, 'Barbados'),
(22, 'Belarus'),
(23, 'Belgium'),
(24, 'Belize'),
(25, 'Benin'),
(26, 'Bermuda'),
(27, 'Bhutan'),
(28, 'Bolivia'),
(29, 'Bosnia & Herzegovina'),
(30, 'Botswana'),
(31, 'Bouvet Island'),
(32, 'Brazil'),
(33, 'British Indian Ocean Territory'),
(34, 'British Virgin Islands'),
(35, 'Brunei'),
(36, 'Bulgaria'),
(37, 'Burkina Faso'),
(38, 'Burundi'),
(39, 'Cambodia'),
(40, 'Cameroon'),
(41, 'Canada'),
(42, 'Cape Verde'),
(43, 'Caribbean Netherlands'),
(44, 'Cayman Islands'),
(45, 'Central African Republic'),
(46, 'Chad'),
(47, 'Chile'),
(48, 'China'),
(49, 'Christmas Island'),
(50, 'Cocos (Keeling) Islands'),
(51, 'Colombia'),
(52, 'Comoros'),
(53, 'Congo - Brazzaville'),
(54, 'Congo - Kinshasa'),
(55, 'Cook Islands'),
(56, 'Costa Rica'),
(57, 'Côte d’Ivoire'),
(58, 'Croatia'),
(59, 'Cuba'),
(60, 'Curaçao'),
(61, 'Cyprus'),
(62, 'Czechia'),
(63, 'Denmark'),
(64, 'Djibouti'),
(65, 'Dominica'),
(66, 'Dominican Republic'),
(67, 'Ecuador'),
(68, 'Egypt'),
(69, 'El Salvador'),
(70, 'Equatorial Guinea'),
(71, 'Eritrea'),
(72, 'Estonia'),
(73, 'Eswatini'),
(74, 'Ethiopia'),
(75, 'Falkland Islands'),
(76, 'Faroe Islands'),
(77, 'Fiji'),
(78, 'Finland'),
(79, 'France'),
(80, 'French Guiana'),
(81, 'French Polynesia'),
(82, 'French Southern Territories'),
(83, 'Gabon'),
(84, 'Gambia'),
(85, 'Georgia'),
(86, 'Germany'),
(87, 'Ghana'),
(88, 'Gibraltar'),
(89, 'Greece'),
(90, 'Greenland'),
(91, 'Grenada'),
(92, 'Guadeloupe'),
(93, 'Guam'),
(94, 'Guatemala'),
(95, 'Guernsey'),
(96, 'Guinea'),
(97, 'Guinea-Bissau'),
(98, 'Guyana'),
(99, 'Haiti'),
(100, 'Heard & McDonald Islands'),
(101, 'Honduras'),
(102, 'Hong Kong SAR China'),
(103, 'Hungary'),
(104, 'Iceland'),
(105, 'India'),
(106, 'Indonesia'),
(107, 'Iran'),
(108, 'Iraq'),
(109, 'Ireland'),
(110, 'Isle of Man'),
(111, 'Israel'),
(112, 'Italy'),
(113, 'Jamaica'),
(114, 'Japan'),
(115, 'Jersey'),
(116, 'Jordan'),
(117, 'Kazakhstan'),
(118, 'Kenya'),
(119, 'Kiribati'),
(120, 'Kuwait'),
(121, 'Kyrgyzstan'),
(122, 'Laos'),
(123, 'Latvia'),
(124, 'Lebanon'),
(125, 'Lesotho'),
(126, 'Liberia'),
(127, 'Libya'),
(128, 'Liechtenstein'),
(129, 'Lithuania'),
(130, 'Luxembourg'),
(131, 'Macao SAR China'),
(132, 'Madagascar'),
(133, 'Malawi'),
(134, 'Malaysia'),
(135, 'Maldives'),
(136, 'Mali'),
(137, 'Malta'),
(138, 'Marshall Islands'),
(139, 'Martinique'),
(140, 'Mauritania'),
(141, 'Mauritius'),
(142, 'Mayotte'),
(143, 'Mexico'),
(144, 'Micronesia'),
(145, 'Moldova'),
(146, 'Monaco'),
(147, 'Mongolia'),
(148, 'Montenegro'),
(149, 'Montserrat'),
(150, 'Morocco'),
(151, 'Mozambique'),
(152, 'Myanmar (Burma)'),
(153, 'Namibia'),
(154, 'Nauru'),
(155, 'Nepal'),
(156, 'Netherlands'),
(157, 'New Caledonia'),
(158, 'New Zealand'),
(159, 'Nicaragua'),
(160, 'Niger'),
(161, 'Nigeria'),
(162, 'Niue'),
(163, 'Norfolk Island'),
(164, 'North Korea'),
(165, 'North Macedonia'),
(166, 'Northern Mariana Islands'),
(167, 'Norway'),
(168, 'Oman'),
(169, 'Pakistan'),
(170, 'Palau'),
(171, 'Palestinian Territories'),
(172, 'Panama'),
(173, 'Papua New Guinea'),
(174, 'Paraguay'),
(175, 'Peru'),
(176, 'Philippines'),
(177, 'Pitcairn Islands'),
(178, 'Poland'),
(179, 'Portugal'),
(180, 'Puerto Rico'),
(181, 'Qatar'),
(182, 'Réunion'),
(183, 'Romania'),
(184, 'Russia'),
(185, 'Rwanda'),
(186, 'Samoa'),
(187, 'San Marino'),
(188, 'São Tomé & Príncipe'),
(189, 'Saudi Arabia'),
(190, 'Senegal'),
(191, 'Serbia'),
(192, 'Seychelles'),
(193, 'Sierra Leone'),
(194, 'Singapore'),
(195, 'Sint Maarten'),
(196, 'Slovakia'),
(197, 'Slovenia'),
(198, 'Solomon Islands'),
(199, 'Somalia'),
(200, 'South Africa'),
(201, 'South Georgia & South Sandwich Islands'),
(202, 'South Korea'),
(203, 'South Sudan'),
(204, 'Spain'),
(205, 'Sri Lanka'),
(206, 'St. Barthélemy'),
(207, 'St. Helena'),
(208, 'St. Kitts & Nevis'),
(209, 'St. Lucia'),
(210, 'St. Martin'),
(211, 'St. Pierre & Miquelon'),
(212, 'St. Vincent & Grenadines'),
(213, 'Sudan'),
(214, 'Suriname'),
(215, 'Svalbard & Jan Mayen'),
(216, 'Sweden'),
(217, 'Switzerland'),
(218, 'Syria'),
(219, 'Taiwan'),
(220, 'Tajikistan'),
(221, 'Tanzania'),
(222, 'Thailand'),
(223, 'Timor-Leste'),
(224, 'Togo'),
(225, 'Tokelau'),
(226, 'Tonga'),
(227, 'Trinidad & Tobago'),
(228, 'Tunisia'),
(229, 'Turkey'),
(230, 'Turkmenistan'),
(231, 'Turks & Caicos Islands'),
(232, 'Tuvalu'),
(233, 'U.S. Outlying Islands'),
(234, 'U.S. Virgin Islands'),
(235, 'Uganda'),
(236, 'Ukraine'),
(237, 'United Arab Emirates'),
(238, 'United Kingdom'),
(239, 'United States'),
(240, 'Uruguay'),
(241, 'Uzbekistan'),
(242, 'Vanuatu'),
(243, 'Vatican City'),
(244, 'Venezuela'),
(245, 'Vietnam'),
(246, 'Wallis & Futuna'),
(247, 'Western Sahara'),
(248, 'Yemen'),
(249, 'Zambia'),
(250, 'Zimbabwe');

-- --------------------------------------------------------

--
-- Table structure for table `pincodes`
--

DROP TABLE IF EXISTS `pincodes`;
CREATE TABLE IF NOT EXISTS `pincodes` (
  `id` int NOT NULL,
  `city_id` varchar(30) COLLATE utf8mb4_unicode_ci NOT NULL,
  `city_name` varchar(30) COLLATE utf8mb4_unicode_ci NOT NULL,
  `pincode` varchar(30) COLLATE utf8mb4_unicode_ci NOT NULL,
  PRIMARY KEY (`id`)
) ENGINE=MyISAM DEFAULT CHARSET=utf8mb4 COLLATE=utf8mb4_unicode_ci;

--
-- Dumping data for table `pincodes`
--

INSERT INTO `pincodes` (`id`, `city_id`, `city_name`, `pincode`) VALUES
(1, '1', 'Amaravati', '522237'),
(2, '2', 'Guntur', '522001'),
(3, '3', 'Kurnool', '518001'),
(4, '4', 'Nellore', '524001'),
(5, '5', 'Rajahmundry', '533101'),
(6, '6', 'Tirupati', '517501'),
(7, '7', 'Vijayawada', '520001'),
(8, '8', 'Visakhapatnam', '530001'),
(9, '9', 'Bomdila', '790001'),
(10, '10', 'Itanagar', '791111'),
(11, '11', 'Pasighat', '791102'),
(12, '12', 'Tawang', '790104'),
(13, '13', 'Ziro', '791120'),
(14, '14', 'Dibrugarh', '786001'),
(15, '15', 'Guwahati', '781001'),
(16, '16', 'Jorhat', '785001'),
(17, '17', 'Nagaon', '782001'),
(18, '18', 'Silchar', '788001'),
(19, '19', 'Sivasagar', '785640'),
(20, '20', 'Tezpur', '784001'),
(21, '21', 'Patna', '800001'),
(22, '22', 'Purnia', '854301'),
(23, '23', 'Pusa', '848125'),
(24, '24', 'Saharsa', '852201'),
(25, '25', 'Samastipur', '848101'),
(26, '26', 'Sasaram', '821115'),
(27, '27', 'Sitamarhi', '843302'),
(28, '28', 'Siwan', '841226'),
(29, '29', 'Ambikapur', '497001'),
(30, '30', 'Bhilai', '490001'),
(31, '31', 'Bilaspur', '495001'),
(32, '32', 'Dhamtari', '493773'),
(33, '33', 'Durg', '491001'),
(34, '34', 'Jagdalpur', '494001'),
(35, '35', 'Raipur', '492001'),
(36, '36', 'Rajnandgaon', '491441'),
(37, '37', 'Madgaon', '403601'),
(38, '38', 'Panaji', '403001'),
(39, '39', 'Ahmadabad', '380001'),
(40, '40', 'Amreli', '365601'),
(41, '41', 'Bharuch', '392001'),
(42, '42', 'Bhavnagar', '364001'),
(43, '43', 'Bhuj', '370001'),
(44, '44', 'Dwarka', '361335'),
(45, '45', 'Gandhinagar', '382010'),
(46, '46', 'Godhra', '389001'),
(47, '47', 'Jamnagar', '361001'),
(48, '48', 'Junagadh', '362001'),
(49, '49', 'Kandla', '370210'),
(50, '50', 'Khambhat', '388620'),
(51, '51', 'Kheda', '387411'),
(52, '52', 'Mahesana', '384001'),
(53, '53', 'Morbi', '363641'),
(54, '54', 'Nadiad', '387001'),
(55, '55', 'Navsari', '396445'),
(56, '56', 'Okha', '361350'),
(57, '57', 'Palanpur', '385001'),
(58, '58', 'Patan', '384265'),
(59, '59', 'Porbandar', '360575'),
(60, '60', 'Rajkot', '360001'),
(61, '61', 'Surat', '395001'),
(62, '62', 'Surendranagar', '363001'),
(63, '63', 'Valsad', '396001'),
(64, '64', 'Veraval', '362265'),
(65, '65', 'Ambala', '134003'),
(66, '66', 'Bhiwani', '127021'),
(67, '67', 'Faridabad', '121001'),
(68, '68', 'Firozpur Jhirka', '122103'),
(69, '69', 'Gurugram', '122001'),
(70, '70', 'Hansi', '125033'),
(71, '71', 'Hisar', '125001'),
(72, '72', 'Jind', '126102'),
(73, '73', 'Kaithal', '136027'),
(74, '74', 'Karnal', '132001'),
(75, '75', 'Kurukshetra', '136118'),
(76, '76', 'Panipat', '132103'),
(77, '77', 'Pehowa', '136140'),
(78, '78', 'Rewari', '123401'),
(79, '79', 'Rohtak', '124001'),
(80, '80', 'Sirsa', '125055'),
(81, '81', 'Sonipat', '131001'),
(82, '82', 'Bilaspur (HP)', '174001'),
(83, '83', 'Chamba', '176310'),
(84, '84', 'Dalhousie', '176304'),
(85, '85', 'Dharmshala', '176215'),
(86, '86', 'Hamirpur', '177001'),
(87, '87', 'Kangra', '176001'),
(88, '88', 'Kullu', '175101'),
(89, '89', 'Mandi', '175001'),
(90, '90', 'Nahan', '173001'),
(91, '91', 'Shimla', '171001'),
(92, '92', 'Una', '174303'),
(93, '93', 'Bokaro', '827001'),
(94, '94', 'Chaibasa', '833201'),
(95, '95', 'Deoghar', '814112'),
(96, '96', 'Dhanbad', '826001'),
(97, '97', 'Dumka', '814101'),
(98, '98', 'Giridih', '815301'),
(99, '99', 'Hazaribag', '825301'),
(100, '100', 'Jamshedpur', '831001'),
(101, '101', 'Jharia', '828111'),
(102, '102', 'Rajmahal', '816108'),
(103, '103', 'Ranchi', '834001'),
(104, '104', 'Saraikela', '832401'),
(105, '105', 'Badami', '587201'),
(106, '106', 'Ballari', '583101'),
(107, '107', 'Bengaluru', '560001'),
(108, '108', 'Belagavi', '590001'),
(109, '109', 'Bhadravati', '577301'),
(110, '110', 'Bidar', '585401'),
(111, '111', 'Chikkamagaluru', '577101'),
(112, '112', 'Chitradurga', '577501'),
(113, '113', 'Davangere', '577001'),
(114, '114', 'Halebid', '573121'),
(115, '115', 'Hassan', '573201'),
(116, '116', 'Hubballi-Dharwad', '580001'),
(117, '117', 'Kalaburagi', '585101'),
(118, '118', 'Kolar', '563101'),
(119, '119', 'Madikeri', '571201'),
(120, '120', 'Mandya', '571401'),
(121, '121', 'Mangaluru', '575001'),
(122, '122', 'Mysuru', '570001'),
(123, '123', 'Raichur', '584101'),
(124, '124', 'Shivamogga', '577201'),
(125, '125', 'Shravanabelagola', '573135'),
(126, '126', 'Shrirangapattana', '571438'),
(127, '127', 'Tumakuru', '572101'),
(128, '128', 'Vijayapura', '586101'),
(129, '129', 'Alappuzha', '688001'),
(130, '130', 'Idukki', '685001'),
(131, '131', 'Kannur', '670001'),
(132, '132', 'Kochi', '682001'),
(133, '133', 'Kollam', '691001'),
(134, '134', 'Kottayam', '686001'),
(135, '135', 'Kozhikode', '673001'),
(136, '136', 'Mattancheri', '682002'),
(137, '137', 'Palakkad', '678001'),
(138, '138', 'Thalassery', '670101'),
(139, '139', 'Thiruvananthapuram', '695001'),
(140, '140', 'Thrissur', '680001'),
(141, '141', 'Balaghat', '481001'),
(142, '142', 'Barwani', '451551'),
(143, '143', 'Betul', '460001'),
(144, '144', 'Bharhut', '461661'),
(145, '145', 'Bhind', '477001'),
(146, '146', 'Bhojpur', '462001'),
(147, '147', 'Bhopal', '462001'),
(148, '148', 'Burhanpur', '450331'),
(149, '149', 'Chhatarpur', '471001'),
(150, '150', 'Chhindwara', '480001'),
(151, '151', 'Damoh', '470661'),
(152, '152', 'Datia', '475661'),
(153, '153', 'Dewas', '455001'),
(154, '154', 'Dhar', '454001'),
(155, '155', 'Dr. Ambedkar Nagar (Mhow)', '453441'),
(156, '156', 'Guna', '473001'),
(157, '157', 'Gwalior', '474001'),
(158, '158', 'Hoshangabad', '461001'),
(159, '159', 'Indore', '452001'),
(160, '160', 'Itarsi', '461111'),
(161, '161', 'Jabalpur', '482001'),
(162, '162', 'Jhabua', '457661'),
(163, '163', 'Khajuraho', '471606'),
(164, '164', 'Khandwa', '450001'),
(165, '165', 'Khargone', '451001'),
(166, '166', 'Maheshwar', '451449'),
(167, '167', 'Mandla', '481661'),
(168, '168', 'Mandsaur', '458001'),
(169, '169', 'Morena', '476001'),
(170, '170', 'Murwara (Katni)', '483501'),
(171, '171', 'Narsimhapur', '487001'),
(172, '172', 'Narsinghgarh', '487221'),
(173, '173', 'Narwar', '475115'),
(174, '174', 'Neemuch', '458441'),
(175, '175', 'Nowgong', '470330'),
(176, '176', 'Orchha', '481222'),
(177, '177', 'Panna', '488001'),
(178, '178', 'Raisen', '464001'),
(179, '179', 'Rajgarh', '465661'),
(180, '180', 'Ratlam', '457001'),
(181, '181', 'Rewa', '486001'),
(182, '182', 'Sagar', '470001'),
(183, '183', 'Sarangpur', '465697'),
(184, '184', 'Satna', '485001'),
(185, '185', 'Sehore', '466001'),
(186, '186', 'Seoni', '480661'),
(187, '187', 'Shahdol', '484001'),
(188, '188', 'Shajapur', '465001'),
(189, '189', 'Sheopur', '476337'),
(190, '190', 'Shivpuri', '473551'),
(191, '191', 'Ujjain', '456001'),
(192, '192', 'Vidisha', '464001'),
(193, '193', 'Ahmadnagar', '414001'),
(194, '194', 'Akola', '444001'),
(195, '195', 'Amravati', '444601'),
(196, '196', 'Aurangabad', '431001'),
(197, '197', 'Bhandara', '441904'),
(198, '198', 'Bhusawal', '425201'),
(199, '199', 'Bid', '431204'),
(200, '200', 'Buldhana', '443001'),
(201, '201', 'Chandrapur', '442401'),
(202, '202', 'Daulatabad', '431102'),
(203, '203', 'Dhule', '424001'),
(204, '204', 'Imphal', '795001'),
(205, '205', 'Cherrapunji', '793108'),
(206, '206', 'Shillong', '793001'),
(207, '207', 'Aizawl', '796001'),
(208, '208', 'Lunglei', '796701'),
(209, '209', 'Kohima', '797001'),
(210, '210', 'Mon', '798621'),
(211, '211', 'Phek', '797108'),
(212, '212', 'Wokha', '797111'),
(213, '213', 'Zunheboto', '798620'),
(214, '214', 'Balangir', '767001'),
(215, '215', 'Baleshwar', '756001'),
(216, '216', 'Baripada', '757001'),
(217, '217', 'Bhubaneshwar', '751001'),
(218, '218', 'Brahmapur', '760001'),
(219, '219', 'Cuttack', '753001'),
(220, '220', 'Dhenkanal', '759001'),
(221, '221', 'Kendujhar', '758001'),
(222, '222', 'Konark', '754142'),
(223, '223', 'Koraput', '764020'),
(224, '224', 'Paradip', '754142'),
(225, '225', 'Phulabani', '762001'),
(226, '226', 'Puri', '752001'),
(227, '227', 'Sambalpur', '768001'),
(228, '228', 'Udayagiri', '761012'),
(229, '229', 'Amritsar', '143001'),
(230, '230', 'Batala', '143505'),
(231, '231', 'Chandigarh', '160001'),
(232, '232', 'Faridkot', '151203'),
(233, '233', 'Firozpur', '152001'),
(234, '234', 'Gurdaspur', '143521'),
(235, '235', 'Hoshiarpur', '146001'),
(236, '236', 'Jalandhar', '144001'),
(237, '237', 'Kapurthala', '144601'),
(238, '238', 'Ludhiana', '141001'),
(239, '239', 'Nabha', '147201'),
(240, '240', 'Patiala', '147001'),
(241, '241', 'Rupnagar', '140001'),
(242, '242', 'Sangrur', '148001'),
(243, '243', 'Abu', '307501'),
(244, '244', 'Ajmer', '305001'),
(245, '245', 'Alwar', '301001'),
(246, '246', 'Amer', '302028'),
(247, '247', 'Barmer', '344001'),
(248, '248', 'Beawar', '305901'),
(249, '249', 'Bharatpur', '321001'),
(250, '250', 'Bhilwara', '311001'),
(251, '251', 'Bikaner', '334001'),
(252, '252', 'Bundi', '323001'),
(253, '253', 'Chittaurgarh', '312001'),
(254, '254', 'Churu', '331001'),
(255, '255', 'Dhaulpur', '328001'),
(256, '256', 'Dungarpur', '314001'),
(257, '257', 'Ganganagar', '335001'),
(258, '258', 'Hanumangarh', '335512'),
(259, '259', 'Jaipur', '302001'),
(260, '260', 'Jaisalmer', '345001'),
(261, '261', 'Jalor', '343001'),
(262, '262', 'Jhalawar', '326001'),
(263, '263', 'Jhunjhunu', '333001'),
(264, '264', 'Jodhpur', '342001'),
(265, '265', 'Kishangarh', '305801'),
(266, '266', 'Kota', '324001'),
(267, '267', 'Merta', '341510'),
(268, '268', 'Nagaur', '341001'),
(269, '269', 'Nathdwara', '313301'),
(270, '270', 'Pali', '306401'),
(271, '271', 'Phalodi', '342301'),
(272, '272', 'Pushkar', '305022'),
(273, '273', 'Sawai Madhopur', '322001'),
(274, '274', 'Shahpura', '311404'),
(275, '275', 'Sikar', '332001'),
(276, '276', 'Sirohi', '307001'),
(277, '277', 'Tonk', '304001'),
(278, '278', 'Udaipur', '313001'),
(279, '279', 'Agartala', '799001'),
(280, '280', 'Gomati', '799101'),
(281, '281', 'Khowai', '799201'),
(282, '282', 'North Tripura', '799250'),
(283, '283', 'South Tripura', '799180'),
(284, '284', 'West Tripura', '799001'),
(285, '285', 'Agra', '282001'),
(286, '286', 'Aligarh', '202001'),
(287, '287', 'Etah', '207001'),
(288, '288', 'Etawah', '206001'),
(289, '289', 'Firozabad', '283203'),
(290, '290', 'Mainpuri', '205001'),
(291, '291', 'Mathura', '281001'),
(292, '292', 'Mau', '275101'),
(293, '293', 'Meerut', '250001'),
(294, '294', 'Moradabad', '244001'),
(295, '295', 'Muzaffarnagar', '251001'),
(296, '296', 'Noida', '201301'),
(297, '297', 'Bulandshahr', '203001'),
(298, '298', 'Bijnor', '246701'),
(299, '299', 'Shamli', '247776'),
(300, '300', 'Saharanpur', '247001'),
(301, '301', 'Ahmedabad', '380001'),
(302, '302', 'Surat', '395001'),
(303, '303', 'Vadodara', '390001'),
(304, '304', 'Rajkot', '360001'),
(305, '305', 'Bhavnagar', '364001'),
(306, '306', 'Jamnagar', '361001'),
(307, '307', 'Gandhinagar', '382010'),
(308, '308', 'Anand', '388001'),
(309, '309', 'Navsari', '396445'),
(310, '310', 'Valsad', '396001'),
(311, '311', 'Vapi', '396191'),
(312, '312', 'Patan', '384265'),
(313, '313', 'Mehsana', '384001'),
(314, '314', 'Kheda', '387411'),
(315, '315', 'Bhuj', '370001'),
(316, '316', 'Veraval', '362265'),
(317, '317', 'Porbandar', '360575'),
(318, '318', 'Amreli', '365601'),
(319, '319', 'Bharuch', '392001'),
(320, '320', 'Mahesana', '384001'),
(321, '321', 'Junagadh', '362001'),
(322, '322', 'Godhra', '389001'),
(323, '323', 'Dahod', '389151'),
(324, '324', 'Surendranagar', '363001'),
(325, '325', 'Valsad', '396001'),
(326, '326', 'Bhuj', '370001'),
(327, '327', 'Rajkot', '360001'),
(328, '328', 'Vadodara', '390001'),
(329, '329', 'Ankleshwar', '393001'),
(330, '330', 'Gondal', '360311'),
(331, '331', 'Palanpur', '385001'),
(332, '332', 'Himmatnagar', '383001'),
(333, '333', 'Vapi', '396191'),
(334, '334', 'Veraval', '362265'),
(335, '335', 'Bhavnagar', '364001'),
(336, '336', 'Morbi', '363641'),
(337, '337', 'Valsad', '396001'),
(338, '338', 'Navsari', '396445'),
(339, '339', 'Jamnagar', '361001'),
(340, '340', 'Gandhinagar', '382010'),
(341, '341', 'Ahmedabad', '380001'),
(342, '342', 'Surat', '395001'),
(343, '343', 'Rajkot', '360001'),
(344, '344', 'Bhavnagar', '364001'),
(345, '345', 'Junagadh', '362001'),
(346, '346', 'Vadodara', '390001'),
(347, '347', 'Anand', '388001'),
(348, '348', 'Mehsana', '384001'),
(349, '349', 'Patan', '384265'),
(350, '350', 'Bharuch', '392001'),
(351, '351', 'Ajmer', '305001'),
(352, '352', 'Alwar', '301001'),
(353, '353', 'Amer', '302028'),
(354, '354', 'Barmer', '344001'),
(355, '355', 'Beawar', '305901'),
(356, '356', 'Bharatpur', '321001'),
(357, '357', 'Bhilwara', '311001'),
(358, '358', 'Bikaner', '334001'),
(359, '359', 'Bundi', '323001'),
(360, '360', 'Chittaurgarh', '312001'),
(361, '361', 'Churu', '331001'),
(362, '362', 'Dhaulpur', '328001'),
(363, '363', 'Dungarpur', '314001'),
(364, '364', 'Ganganagar', '335001'),
(365, '365', 'Hanumangarh', '335512'),
(366, '366', 'Jaipur', '302001'),
(367, '367', 'Jaisalmer', '345001'),
(368, '368', 'Jalor', '343001'),
(369, '369', 'Jhalawar', '326001'),
(370, '370', 'Jhunjhunu', '333001'),
(371, '371', 'Jodhpur', '342001'),
(372, '372', 'Kishangarh', '305801'),
(373, '373', 'Kota', '324001'),
(374, '374', 'Merta', '341510'),
(375, '375', 'Nagaur', '341001'),
(376, '376', 'Nathdwara', '313301'),
(377, '377', 'Pali', '306401'),
(378, '378', 'Phalodi', '342301'),
(379, '379', 'Pushkar', '305022'),
(380, '380', 'Sawai Madhopur', '322001'),
(381, '381', 'Shahpura', '311404'),
(382, '382', 'Sikar', '332001'),
(383, '383', 'Sirohi', '307001'),
(384, '384', 'Tonk', '304001'),
(385, '385', 'Udaipur', '313001');

-- --------------------------------------------------------

--
-- Table structure for table `states`
--

DROP TABLE IF EXISTS `states`;
CREATE TABLE IF NOT EXISTS `states` (
  `id` int NOT NULL AUTO_INCREMENT,
  `state_name` varchar(25) COLLATE utf8mb4_unicode_ci NOT NULL,
  `country_id` int NOT NULL,
  PRIMARY KEY (`id`),
  KEY `fk_states_country` (`country_id`)
) ENGINE=MyISAM AUTO_INCREMENT=29 DEFAULT CHARSET=utf8mb4 COLLATE=utf8mb4_unicode_ci;

--
-- Dumping data for table `states`
--

INSERT INTO `states` (`id`, `state_name`, `country_id`) VALUES
(1, 'Andhra Pradesh', 105),
(2, 'Arunachal Pradesh', 105),
(3, 'Assam', 105),
(4, 'Bihar', 105),
(5, 'Chhattisgarh', 105),
(6, 'Goa', 105),
(7, 'Gujarat', 105),
(8, 'Haryana', 105),
(9, 'Himachal Pradesh', 105),
(10, 'Jharkhand', 105),
(11, 'Karnataka', 105),
(12, 'Kerala', 105),
(13, 'Madhya Pradesh', 105),
(14, 'Maharashtra', 105),
(15, 'Manipur', 105),
(16, 'Meghalaya', 105),
(17, 'Mizoram', 105),
(18, 'Nagaland', 105),
(19, 'Odisha', 105),
(20, 'Punjab', 105),
(21, 'Rajasthan', 105),
(22, 'Sikkim', 105),
(23, 'Tamil Nadu', 105),
(24, 'Telangana', 105),
(25, 'Tripura', 105),
(26, 'Uttar Pradesh', 105),
(27, 'Uttarakhand', 105),
(28, 'West Bengal', 105);
COMMIT;

/*!40101 SET CHARACTER_SET_CLIENT=@OLD_CHARACTER_SET_CLIENT */;
/*!40101 SET CHARACTER_SET_RESULTS=@OLD_CHARACTER_SET_RESULTS */;
/*!40101 SET COLLATION_CONNECTION=@OLD_COLLATION_CONNECTION */;
